model,term,Estimate,Std..Error,t.value,Pr...t..
baseline_year_fe,city_go_vote,0.230241064493762,0.0816497031307702,2.81986407378614,0.00817906961338579
bond_policy_year_fe,city_go_vote,0.228443955860022,0.0709638545849286,3.21915934803997,0.00294478151295295
bond_policy_year_fe,ln_1p_outstanding_debt_lag1,0.0141283543670451,0.003034957853316,4.65520611813718,5.39803155645321e-05
bond_policy_year_fe,state_monitor,-0.0451406052611019,0.0675637710222226,-0.668118498688514,0.508848653725871
bond_policy_year_fe,gasb_municipal_gaap_required_any,-0.0323645822650125,0.0738647612779907,-0.438159979197767,0.664214011678125
bond_policy_year_fe,nasact_audits_cities_towns_villages,-0.146309705060823,0.0591462854121154,-2.47369220300779,0.0188662717610764
bond_policy_year_fe,ln_county_gdp_l1,0.0439439712597575,0.0431033492582229,1.01950247523687,0.315610796499346
bond_policy_year_fe,ln_county_pop_l1,0.0228264843321734,0.0483227072727961,0.472375941259065,0.639864238087654
bond_policy_year_fe,ln_county_percap_inc_l1,0.00451848935482594,0.0782931168673043,0.0577124725087154,0.954336540319176
expanded_policy_year_fe,city_go_vote,0.0378075509236545,0.0123627972852704,3.05817122543132,0.00447517753605463
supermajority_among_go_vote_year_fe,city_go_vote,0.0360234743024726,0.012310975379122,2.92612674407297,0.00626671075152182
supermajority_among_go_vote_year_fe,ln_1p_outstanding_debt_lag1,0.00168757375981237,0.000530096797249874,3.18352000722783,0.00323297704952597
supermajority_among_go_vote_year_fe,state_monitor,-0.00711459027012974,0.0121705530638157,-0.584574113668027,0.562933282671624
supermajority_among_go_vote_year_fe,gasb_municipal_gaap_required_any,-0.00677667532332637,0.0131195861556642,-0.516531180398602,0.609034959972886
supermajority_among_go_vote_year_fe,nasact_audits_cities_towns_villages,-0.0361726095612507,0.00926792279502266,-3.90298995376582,0.000459606046805191
supermajority_among_go_vote_year_fe,ln_county_gdp_l1,0.0235911271019826,0.016166358768273,1.45927276761178,0.154237579398571
supermajority_among_go_vote_year_fe,ln_county_pop_l1,-0.0114396392052264,0.0169249166732049,-0.675905200959563,0.503956732456922
supermajority_among_go_vote_year_fe,ln_county_percap_inc_l1,-0.00682830608952764,0.0261542297747505,-0.261078462196572,0.795704960836158
