analysis,outcome,outcome_short,omission_type,baseline_estimate,baseline_p,min_estimate,max_estimate,min_omission,max_omission,n_omissions,n_same_sign,n_p_lt_10,n_p_lt_05,n_p_lt_01,max_p_value,max_p_omission
Website disclosure: pair LOO,bond_url,Bond URLs,State-border pair,1.28273630601639,5.37054596845176e-08,0.905666664104686,1.63617488706468,Louisiana/Mississippi,Michigan/Wisconsin,14,14,14,14,14,0.000321273003007492,Louisiana/Mississippi
Website disclosure: pair LOO,bond_count,Bond Count,State-border pair,0.973854016114362,2.85304440183655e-06,0.428309989351054,1.17975400495816,North Carolina/Tennessee,Louisiana/Mississippi,14,14,14,14,14,0.00856721179229372,North Carolina/Tennessee
Website disclosure: pair LOO,fiscal_url,Fiscal URLs,State-border pair,2.35171542792891,3.90449910488672e-09,1.99227711972276,2.72638652343201,Ohio/Kentucky,Louisiana/Mississippi,14,14,14,14,14,0.00224799067064516,North Carolina/Tennessee
Website disclosure: pair LOO,fiscal_count,Fiscal Count,State-border pair,1.06034651140636,0.000374941071774953,0.314879802815733,2.30753047879464,North Carolina/Tennessee,Ohio/Kentucky,14,14,13,13,12,0.194076431061448,North Carolina/Tennessee
Website disclosure: pair LOO,financial_pdf_urls,Financial Docs,State-border pair,0.49372160380668,0.00250046179899778,0.298063237211026,0.813976714011066,North Carolina/Tennessee,Ohio/Kentucky,14,14,13,13,11,0.13352139290769,North Carolina/Tennessee
Website disclosure: state LOO,bond_url,Bond URLs,Control state and linked border pairs,1.28273630601639,5.37054596845176e-08,0.905527430232193,1.63617488706468,Mississippi (MS),Wisconsin (WI),6,6,6,6,6,0.000333903745404798,Mississippi (MS)
Website disclosure: state LOO,bond_count,Bond Count,Control state and linked border pairs,0.973854016114362,2.85304440183655e-06,0.643854584906508,1.15460005631204,Tennessee (TN),Mississippi (MS),6,6,6,6,6,0.000778073206725525,Tennessee (TN)
Website disclosure: state LOO,fiscal_url,Fiscal URLs,Control state and linked border pairs,2.35171542792891,3.90449910488672e-09,1.88579004820553,2.68447876328734,Kentucky (KY),Mississippi (MS),6,6,6,6,6,0.000611122819203636,Tennessee (TN)
Website disclosure: state LOO,fiscal_count,Fiscal Count,Control state and linked border pairs,1.06034651140636,0.000374941071774953,0.471890240353887,2.41662367133788,Tennessee (TN),Kentucky (KY),6,6,6,6,4,0.0479236955174079,Tennessee (TN)
Website disclosure: state LOO,financial_pdf_urls,Financial Docs,Control state and linked border pairs,0.49372160380668,0.00250046179899778,-0.01535591815402,0.942234995782471,Tennessee (TN),Kentucky (KY),6,5,5,5,4,0.934947860414809,Tennessee (TN)
Media coverage: full sample,total_articles_12_0_win,Total Articles - 12mo,Control state,0.249669345807366,0.0459771144288199,0.165545006586974,0.370661239809972,New Jersey (NJ),Wisconsin (WI),7,7,5,2,1,0.18004265197959,Massachusetts (MA)
Media coverage - Border: pair LOO,total_articles_12_0_win,Total Articles - 12mo,State-border pair,0.565760203744939,0.0412675420115833,0.103126307270519,0.952998503835865,Vermont/New Hampshire,Michigan/Wisconsin,14,14,10,9,1,0.798523186157041,Vermont/New Hampshire
Media coverage - Border: state LOO,total_articles_12_0_win,Total Articles - 12mo,Control state and linked border pairs,0.565760203744939,0.0412675420115833,0.103126307270519,0.952998503835865,New Hampshire (NH),Wisconsin (WI),6,6,2,2,1,0.798523186157041,New Hampshire (NH)
Secondary-market trading: full sample,retail_traded_before_maturity,Retail Trade,Control state,0.0630942921644643,0.0191126478160921,0.0373017789867642,0.0784291862735343,Wisconsin (WI),New Jersey (NJ),7,7,6,6,2,0.300027009731871,Wisconsin (WI)
Secondary-market trading - Border: pair LOO,retail_traded_before_maturity,Retail Trade,State-border pair,0.0873575050502337,0.0248501572366556,0.0499634175683916,0.150535315312281,Michigan/Wisconsin,North Carolina/Tennessee,14,14,12,12,2,0.213803237150687,Michigan/Wisconsin
Secondary-market trading - Border: state LOO,retail_traded_before_maturity,Retail Trade,Control state and linked border pairs,0.0873575050502337,0.0248501572366556,0.0499634175683916,0.163309110669867,Wisconsin (WI),Tennessee (TN),6,6,5,4,2,0.213803237150687,Wisconsin (WI)
Debt substitution: full sample,frac_utgo_outstanding,Pct UTGO,Control state,-0.293804935035284,0.000107091767227841,-0.37183708455014,-0.203870522672919,Massachusetts (MA),New Jersey (NJ),7,7,7,7,7,0.00892515710356826,New Jersey (NJ)
Debt substitution - Border: pair LOO,frac_utgo_outstanding,Pct UTGO,State-border pair,-0.415688433904433,6.81953304753372e-05,-0.460141722851196,-0.292264888002271,North Carolina/Tennessee,Michigan/Wisconsin,8,8,8,8,8,0.00346115723400788,Ohio/Kentucky
Debt substitution - Border: state LOO,frac_utgo_outstanding,Pct UTGO,Control state and linked border pairs,-0.415688433904433,6.81953304753372e-05,-0.492140844812691,-0.292264888002271,Tennessee (TN),Wisconsin (WI),4,4,4,4,4,0.00310221001831164,Wisconsin (WI)
Aggregate borrowing cost: full sample,mergent_wavg_yield_spread_go_revenue,Wtd. Avg. Yield Spread,Control state,0.272398539223603,0.0160432937377188,0.234915346051663,0.352667665785147,Wisconsin (WI),Massachusetts (MA),7,7,7,7,1,0.0362025725474548,Wisconsin (WI)
Aggregate borrowing cost - Border: pair LOO,mergent_wavg_yield_spread_go_revenue,Wtd. Avg. Yield Spread,State-border pair,0.450400717593632,0.00176948777532768,0.350654173767564,0.865445956186554,Georgia/Tennessee,Ohio/Kentucky,8,8,8,8,8,0.00662352090713703,North Carolina/Tennessee
Aggregate borrowing cost - Border: state LOO,mergent_wavg_yield_spread_go_revenue,Wtd. Avg. Yield Spread,Control state and linked border pairs,0.450400717593632,0.00176948777532768,0.31522725983245,0.891377687170306,Tennessee (TN),Kentucky (KY),4,4,4,4,3,0.0130520041747267,Tennessee (TN)
