analysis,outcome,outcome_short,omission_type,omitted_unit,omitted_label,baseline,estimate,std_error,statistic,p_value,conf_low,conf_high,n,status
Website disclosure: pair LOO,bond_url,Bond URLs,State-border pair,baseline,None (baseline),TRUE,1.28273630601639,0.235858474790865,5.43858475788835,5.37054596845176e-08,0.820462189977748,1.74501042205504,1328,ok
Website disclosure: pair LOO,bond_url,Bond URLs,State-border pair,Ohio/Kentucky,Ohio/Kentucky,FALSE,1.23482128376654,0.25720874794976,4.80085259000497,1.57991537954081e-06,0.730701401276372,1.73894116625671,999,ok
Website disclosure: pair LOO,bond_url,Bond URLs,State-border pair,West Virginia/Kentucky,West Virginia/Kentucky,FALSE,1.28273630601639,0.235858474790865,5.43858475788835,5.37054596845176e-08,0.820462189977748,1.74501042205504,1328,ok
Website disclosure: pair LOO,bond_url,Bond URLs,State-border pair,Missouri/Kentucky,Missouri/Kentucky,FALSE,1.22976617472489,0.242478135907271,5.07165798732129,3.94364670941083e-07,0.754517761308229,1.70501458814155,1300,ok
Website disclosure: pair LOO,bond_url,Bond URLs,State-border pair,Michigan/Wisconsin,Michigan/Wisconsin,FALSE,1.63617488706468,0.249369272218268,6.56125300647537,5.33574988842396e-11,1.14742009466591,2.12492967946345,1157,ok
Website disclosure: pair LOO,bond_url,Bond URLs,State-border pair,North Carolina/Tennessee,North Carolina/Tennessee,FALSE,1.04736279037427,0.271822542320091,3.85311233363761,0.000116625851147852,0.514600397240781,1.58012518350777,1226,ok
Website disclosure: pair LOO,bond_url,Bond URLs,State-border pair,Arkansas/Tennesee,Arkansas/Tennessee,FALSE,1.27300257565394,0.236678107496727,5.37862411153318,7.50572317361866e-08,0.809122009031254,1.73688314227662,1295,ok
Website disclosure: pair LOO,bond_url,Bond URLs,State-border pair,Georgia/Tennessee,Georgia/Tennessee,FALSE,1.57791998074354,0.289077620393654,5.45846468016028,4.80269375067305e-08,1.01133825603544,2.14450170545165,1257,ok
Website disclosure: pair LOO,bond_url,Bond URLs,State-border pair,Alabama/Tennessee,Alabama/Tennessee,FALSE,1.26853549690496,0.236951783443267,5.35355960808239,8.62406073891073e-08,0.804118535283622,1.7329524585263,1271,ok
Website disclosure: pair LOO,bond_url,Bond URLs,State-border pair,Missouri/Tennessee,Missouri/Tennessee,FALSE,1.28273630601639,0.235858474790865,5.43858475788835,5.37054596845176e-08,0.820462189977748,1.74501042205504,1328,ok
Website disclosure: pair LOO,bond_url,Bond URLs,State-border pair,Alabama/Mississippi,Alabama/Mississippi,FALSE,1.28300936029457,0.235984205078472,5.43684421534879,5.423251501817e-08,0.820488817420451,1.74552990316869,1244,ok
Website disclosure: pair LOO,bond_url,Bond URLs,State-border pair,Arkansas/Mississippi,Arkansas/Mississippi,FALSE,1.28273630601639,0.235858474790865,5.43858475788835,5.37054596845176e-08,0.820462189977748,1.74501042205504,1328,ok
Website disclosure: pair LOO,bond_url,Bond URLs,State-border pair,Louisiana/Mississippi,Louisiana/Mississippi,FALSE,0.905666664104686,0.251747907653135,3.59751416624499,0.000321273003007492,0.412249831921227,1.39908349628815,1145,ok
Website disclosure: pair LOO,bond_url,Bond URLs,State-border pair,Vermont/Massachusetts,Vermont/Massachusetts,FALSE,1.284516828742,0.235473523960133,5.45503718269183,4.89625988515363e-08,0.82299720246741,1.74603645501659,1076,ok
Website disclosure: pair LOO,bond_url,Bond URLs,State-border pair,Vermont/New Hampshire,Vermont/New Hampshire,FALSE,1.27182967185024,0.254473703162338,4.99788251613134,5.79632796437864e-07,0.773070378639525,1.77058896506096,1310,ok
Website disclosure: pair LOO,bond_count,Bond Count,State-border pair,baseline,None (baseline),TRUE,0.973854016114362,0.208038441016871,4.68112533123332,2.85304440183655e-06,0.566106164321435,1.38160186790729,1412,ok
Website disclosure: pair LOO,bond_count,Bond Count,State-border pair,Ohio/Kentucky,Ohio/Kentucky,FALSE,1.13790709909969,0.225252969228393,5.05168523637051,4.37928950009927e-07,0.696419392001333,1.57939480619805,1083,ok
Website disclosure: pair LOO,bond_count,Bond Count,State-border pair,West Virginia/Kentucky,West Virginia/Kentucky,FALSE,0.973285531876246,0.208186065445796,4.67507529762914,2.93845785393715e-06,0.565248341519387,1.38132272223311,1394,ok
Website disclosure: pair LOO,bond_count,Bond Count,State-border pair,Missouri/Kentucky,Missouri/Kentucky,FALSE,0.967351545974497,0.216461238424445,4.46893657735468,7.86094325350637e-06,0.543095314613646,1.39160777733535,1384,ok
Website disclosure: pair LOO,bond_count,Bond Count,State-border pair,Michigan/Wisconsin,Michigan/Wisconsin,FALSE,0.893230536434662,0.232291813837846,3.84529494034686,0.000120407522042343,0.437946947409002,1.34851412546032,1241,ok
Website disclosure: pair LOO,bond_count,Bond Count,State-border pair,North Carolina/Tennessee,North Carolina/Tennessee,FALSE,0.428309989351054,0.162926253063893,2.62885803421188,0.00856721179229372,0.108980401209764,0.747639577492343,1310,ok
Website disclosure: pair LOO,bond_count,Bond Count,State-border pair,Arkansas/Tennesee,Arkansas/Tennessee,FALSE,0.972777896489063,0.207471251370869,4.68873586128883,2.74897945045124e-06,0.566141715974704,1.37941407700342,1379,ok
Website disclosure: pair LOO,bond_count,Bond Count,State-border pair,Georgia/Tennessee,Georgia/Tennessee,FALSE,1.1775141058831,0.220831715363135,5.33217841444016,9.70415233433118e-08,0.744691897127155,1.61033631463904,1341,ok
Website disclosure: pair LOO,bond_count,Bond Count,State-border pair,Alabama/Tennessee,Alabama/Tennessee,FALSE,0.951372916381414,0.208346953385477,4.56629147161665,4.96428390678233e-06,0.543020391457234,1.35972544130559,1355,ok
Website disclosure: pair LOO,bond_count,Bond Count,State-border pair,Missouri/Tennessee,Missouri/Tennessee,FALSE,1.02256710980476,0.21149512423293,4.83494413175483,1.33183034537571e-06,0.608044283402396,1.43708993620713,1375,ok
Website disclosure: pair LOO,bond_count,Bond Count,State-border pair,Alabama/Mississippi,Alabama/Mississippi,FALSE,0.964173488149065,0.206044709400011,4.67943821977606,2.87662020285154e-06,0.560333278520021,1.36801369777811,1328,ok
Website disclosure: pair LOO,bond_count,Bond Count,State-border pair,Arkansas/Mississippi,Arkansas/Mississippi,FALSE,0.974483282521131,0.207793971625369,4.68966098919378,2.73658057545062e-06,0.567214581930871,1.38175198311139,1383,ok
Website disclosure: pair LOO,bond_count,Bond Count,State-border pair,Louisiana/Mississippi,Louisiana/Mississippi,FALSE,1.17975400495816,0.248702548637747,4.74363456032191,2.0991739247585e-06,0.692305966764851,1.66720204315146,1229,ok
Website disclosure: pair LOO,bond_count,Bond Count,State-border pair,Vermont/Massachusetts,Vermont/Massachusetts,FALSE,0.985970546183944,0.212044367366234,4.64983134629092,3.32206572770638e-06,0.570371223021544,1.40156986934634,1160,ok
Website disclosure: pair LOO,bond_count,Bond Count,State-border pair,Vermont/New Hampshire,Vermont/New Hampshire,FALSE,0.981789512318344,0.217760787484629,4.50856889185178,6.52663766856659e-06,0.554986211603391,1.4085928130333,1394,ok
Website disclosure: pair LOO,fiscal_url,Fiscal URLs,State-border pair,baseline,None (baseline),TRUE,2.35171542792891,0.399395354994032,5.88818923035308,3.90449910488672e-09,1.56891491654801,3.1345159393098,1208,ok
Website disclosure: pair LOO,fiscal_url,Fiscal URLs,State-border pair,Ohio/Kentucky,Ohio/Kentucky,FALSE,1.99227711972276,0.463101976772928,4.30202680974438,1.69242827446659e-05,1.08461392407851,2.899940315367,879,ok
Website disclosure: pair LOO,fiscal_url,Fiscal URLs,State-border pair,West Virginia/Kentucky,West Virginia/Kentucky,FALSE,2.3483752630229,0.400050543089358,5.87019641290262,4.35279151981117e-09,1.56429060657207,3.13245991947373,1190,ok
Website disclosure: pair LOO,fiscal_url,Fiscal URLs,State-border pair,Missouri/Kentucky,Missouri/Kentucky,FALSE,2.37555904522814,0.370381103518045,6.41382355272453,1.41914453107551e-10,1.64962542177857,3.10149266867771,1180,ok
Website disclosure: pair LOO,fiscal_url,Fiscal URLs,State-border pair,Michigan/Wisconsin,Michigan/Wisconsin,FALSE,2.35171542792891,0.399395354994032,5.88818923035308,3.90449910488672e-09,1.56891491654801,3.1345159393098,1208,ok
Website disclosure: pair LOO,fiscal_url,Fiscal URLs,State-border pair,North Carolina/Tennessee,North Carolina/Tennessee,FALSE,2.27775544169345,0.745497728410748,3.05534860119449,0.00224799067064516,0.816606743451961,3.73890413993494,1106,ok
Website disclosure: pair LOO,fiscal_url,Fiscal URLs,State-border pair,Arkansas/Tennesee,Arkansas/Tennessee,FALSE,2.35171542792891,0.399395354994032,5.88818923035308,3.90449910488672e-09,1.56891491654801,3.1345159393098,1208,ok
Website disclosure: pair LOO,fiscal_url,Fiscal URLs,State-border pair,Georgia/Tennessee,Georgia/Tennessee,FALSE,2.34835523306635,0.400191512185662,5.86807856128859,4.40874359359985e-09,1.56399428226383,3.13271618386886,1137,ok
Website disclosure: pair LOO,fiscal_url,Fiscal URLs,State-border pair,Alabama/Tennessee,Alabama/Tennessee,FALSE,2.35434261278555,0.399806959280867,5.88869842841232,3.89248992607352e-09,1.57073537182658,3.13794985374452,1151,ok
Website disclosure: pair LOO,fiscal_url,Fiscal URLs,State-border pair,Missouri/Tennessee,Missouri/Tennessee,FALSE,2.42057853283909,0.395511267459454,6.12012534658634,9.35017763656342e-10,1.64539069313877,3.19576637253941,1171,ok
Website disclosure: pair LOO,fiscal_url,Fiscal URLs,State-border pair,Alabama/Mississippi,Alabama/Mississippi,FALSE,2.34637004421841,0.398613663618089,5.88632618089695,3.94874631600207e-09,1.56510161978139,3.12763846865543,1124,ok
Website disclosure: pair LOO,fiscal_url,Fiscal URLs,State-border pair,Arkansas/Mississippi,Arkansas/Mississippi,FALSE,2.31812236285202,0.406165393753315,5.70733597323641,1.14758121867483e-08,1.522052819329,3.11419190637505,1179,ok
Website disclosure: pair LOO,fiscal_url,Fiscal URLs,State-border pair,Louisiana/Mississippi,Louisiana/Mississippi,FALSE,2.72638652343201,0.409564014926884,6.65680192611339,2.79849920078071e-11,1.9236558048117,3.52911724205233,1025,ok
Website disclosure: pair LOO,fiscal_url,Fiscal URLs,State-border pair,Vermont/Massachusetts,Vermont/Massachusetts,FALSE,2.43386718899681,0.447260046925609,5.44172725850836,5.27664212474405e-08,1.55725360529893,3.3104807726947,956,ok
Website disclosure: pair LOO,fiscal_url,Fiscal URLs,State-border pair,Vermont/New Hampshire,Vermont/New Hampshire,FALSE,2.26415277887885,0.415943955650006,5.44340829605421,5.22706488036346e-08,1.44891760621771,3.07938795153998,1190,ok
Website disclosure: pair LOO,fiscal_count,Fiscal Count,State-border pair,baseline,None (baseline),TRUE,1.06034651140636,0.298091188349546,3.5571212865339,0.000374941071774953,0.476098518132501,1.64459450468021,1412,ok
Website disclosure: pair LOO,fiscal_count,Fiscal Count,State-border pair,Ohio/Kentucky,Ohio/Kentucky,FALSE,2.30753047879464,0.319443561799084,7.22359363199804,5.06314091267987e-13,1.68143260257524,2.93362835501404,1083,ok
Website disclosure: pair LOO,fiscal_count,Fiscal Count,State-border pair,West Virginia/Kentucky,West Virginia/Kentucky,FALSE,1.04257997606878,0.305186344215468,3.41620782131946,0.00063499765864905,0.444425732833014,1.64073421930454,1394,ok
Website disclosure: pair LOO,fiscal_count,Fiscal Count,State-border pair,Missouri/Kentucky,Missouri/Kentucky,FALSE,1.12786770764656,0.304105400265893,3.70880525850714,0.000208239505413684,0.531832075621274,1.72390333967185,1384,ok
Website disclosure: pair LOO,fiscal_count,Fiscal Count,State-border pair,Michigan/Wisconsin,Michigan/Wisconsin,FALSE,0.910454796265539,0.344412662388251,2.64349977713421,0.00820538196503999,0.235418382165015,1.58549121036606,1241,ok
Website disclosure: pair LOO,fiscal_count,Fiscal Count,State-border pair,North Carolina/Tennessee,North Carolina/Tennessee,FALSE,0.314879802815733,0.242473747302524,1.29861399973693,0.194076431061448,-0.160360009093679,0.790119614725145,1310,ok
Website disclosure: pair LOO,fiscal_count,Fiscal Count,State-border pair,Arkansas/Tennesee,Arkansas/Tennessee,FALSE,1.05962174680988,0.298221733789752,3.55313388244505,0.00038067067326708,0.475117889174872,1.64412560444488,1379,ok
Website disclosure: pair LOO,fiscal_count,Fiscal Count,State-border pair,Georgia/Tennessee,Georgia/Tennessee,FALSE,1.06939112491676,0.301935067352834,3.54179173122377,0.000397419124990479,0.477609267235529,1.66117298259799,1341,ok
Website disclosure: pair LOO,fiscal_count,Fiscal Count,State-border pair,Alabama/Tennessee,Alabama/Tennessee,FALSE,1.05838059056749,0.300021507844035,3.52768239241595,0.000419214834152491,0.470349240605778,1.6464119405292,1355,ok
Website disclosure: pair LOO,fiscal_count,Fiscal Count,State-border pair,Missouri/Tennessee,Missouri/Tennessee,FALSE,1.18717004937472,0.286907344520516,4.13781686683114,3.50626043946103e-05,0.624841987214487,1.74949811153496,1375,ok
Website disclosure: pair LOO,fiscal_count,Fiscal Count,State-border pair,Alabama/Mississippi,Alabama/Mississippi,FALSE,1.0484128753499,0.292783128875269,3.58085139460527,0.000342476409541233,0.474568487473425,1.62225726322638,1328,ok
Website disclosure: pair LOO,fiscal_count,Fiscal Count,State-border pair,Arkansas/Mississippi,Arkansas/Mississippi,FALSE,1.05680320517443,0.298950567402929,3.53504331620837,0.000407708318445977,0.47087085990687,1.64273555044198,1383,ok
Website disclosure: pair LOO,fiscal_count,Fiscal Count,State-border pair,Louisiana/Mississippi,Louisiana/Mississippi,FALSE,1.11778616679057,0.319781925985424,3.49546386446343,0.00047323852721671,0.491025108952285,1.74454722462885,1229,ok
Website disclosure: pair LOO,fiscal_count,Fiscal Count,State-border pair,Vermont/Massachusetts,Vermont/Massachusetts,FALSE,1.06516493347098,0.299019430897399,3.56219303298878,0.000367769806447087,0.479097618234419,1.65123224870755,1160,ok
Website disclosure: pair LOO,fiscal_count,Fiscal Count,State-border pair,Vermont/New Hampshire,Vermont/New Hampshire,FALSE,0.822573455311353,0.324820949323551,2.53239040469645,0.0113287778197318,0.185936093213084,1.45921081740962,1394,ok
Website disclosure: pair LOO,financial_pdf_urls,Financial Docs,State-border pair,baseline,None (baseline),TRUE,0.49372160380668,0.163306308853779,3.02328555015439,0.00250046179899778,0.173647120005099,0.813796087608262,1383,ok
Website disclosure: pair LOO,financial_pdf_urls,Financial Docs,State-border pair,Ohio/Kentucky,Ohio/Kentucky,FALSE,0.813976714011066,0.151156334763045,5.38499901633014,7.24450445871045e-08,0.517715741840419,1.11023768618171,1054,ok
Website disclosure: pair LOO,financial_pdf_urls,Financial Docs,State-border pair,West Virginia/Kentucky,West Virginia/Kentucky,FALSE,0.495049659410492,0.1662895620973,2.97703387492732,0.00291051849603504,0.169128106694848,0.820971212126136,1365,ok
Website disclosure: pair LOO,financial_pdf_urls,Financial Docs,State-border pair,Missouri/Kentucky,Missouri/Kentucky,FALSE,0.537571788993381,0.181354950736973,2.96419693429294,0.00303474005165423,0.182122617130879,0.893020960855883,1355,ok
Website disclosure: pair LOO,financial_pdf_urls,Financial Docs,State-border pair,Michigan/Wisconsin,Michigan/Wisconsin,FALSE,0.689675733634201,0.178412531096817,3.86562384040134,0.000110805606495028,0.339993598293807,1.03935786897459,1212,ok
Website disclosure: pair LOO,financial_pdf_urls,Financial Docs,State-border pair,North Carolina/Tennessee,North Carolina/Tennessee,FALSE,0.298063237211026,0.198661257555828,1.50035915848999,0.13352139290769,-0.0913056727218326,0.687432147143885,1281,ok
Website disclosure: pair LOO,financial_pdf_urls,Financial Docs,State-border pair,Arkansas/Tennesee,Arkansas/Tennessee,FALSE,0.492226079211404,0.163340433661788,3.0134980554209,0.00258254696229587,0.172084712015146,0.812367446407663,1350,ok
Website disclosure: pair LOO,financial_pdf_urls,Financial Docs,State-border pair,Georgia/Tennessee,Georgia/Tennessee,FALSE,0.315761278631996,0.155390210342815,2.0320538722187,0.0421482024508224,0.0112020628099742,0.620320494454017,1312,ok
Website disclosure: pair LOO,financial_pdf_urls,Financial Docs,State-border pair,Alabama/Tennessee,Alabama/Tennessee,FALSE,0.482578329461727,0.165525954103371,2.91542394107185,0.00355205674788483,0.158153420912491,0.807003238010964,1326,ok
Website disclosure: pair LOO,financial_pdf_urls,Financial Docs,State-border pair,Missouri/Tennessee,Missouri/Tennessee,FALSE,0.505430080883615,0.163695412218,3.08762520607793,0.00201762757508434,0.184592968501896,0.826267193265333,1346,ok
Website disclosure: pair LOO,financial_pdf_urls,Financial Docs,State-border pair,Alabama/Mississippi,Alabama/Mississippi,FALSE,0.485909281467585,0.158662286131421,3.06253800644913,0.00219468603466113,0.17493691494521,0.796881647989959,1299,ok
Website disclosure: pair LOO,financial_pdf_urls,Financial Docs,State-border pair,Arkansas/Mississippi,Arkansas/Mississippi,FALSE,0.49372160380668,0.163306308853779,3.02328555015439,0.00250046179899778,0.173647120005099,0.813796087608262,1383,ok
Website disclosure: pair LOO,financial_pdf_urls,Financial Docs,State-border pair,Louisiana/Mississippi,Louisiana/Mississippi,FALSE,0.321323875016366,0.162843425716095,1.97320753726079,0.0484719220989355,0.00215662549369655,0.640491124539036,1200,ok
Website disclosure: pair LOO,financial_pdf_urls,Financial Docs,State-border pair,Vermont/Massachusetts,Vermont/Massachusetts,FALSE,0.507366180885146,0.163018252478776,3.11232744291136,0.00185618491902573,0.187856277204089,0.826876084566204,1131,ok
Website disclosure: pair LOO,financial_pdf_urls,Financial Docs,State-border pair,Vermont/New Hampshire,Vermont/New Hampshire,FALSE,0.525443091594562,0.172077546977253,3.05352499977246,0.002261698763059,0.188177296971147,0.862708886217978,1365,ok
Website disclosure: state LOO,bond_url,Bond URLs,Control state and linked border pairs,baseline,None (baseline),TRUE,1.28273630601639,0.235858474790865,5.43858475788835,5.37054596845176e-08,0.820462189977748,1.74501042205504,1328,ok
Website disclosure: state LOO,bond_url,Bond URLs,Control state and linked border pairs,KY,Kentucky (KY),FALSE,1.16934917324887,0.271266140238511,4.31070819314464,1.62732534341687e-05,0.6376773081562,1.70102103834155,971,ok
Website disclosure: state LOO,bond_url,Bond URLs,Control state and linked border pairs,MA,Massachusetts (MA),FALSE,1.284516828742,0.235473523960133,5.45503718269183,4.89625988515363e-08,0.82299720246741,1.74603645501659,1076,ok
Website disclosure: state LOO,bond_url,Bond URLs,Control state and linked border pairs,MS,Mississippi (MS),FALSE,0.905527430232193,0.25241402647937,3.58746874277291,0.000333903745404798,0.410805029139888,1.4002498313245,1061,ok
Website disclosure: state LOO,bond_url,Bond URLs,Control state and linked border pairs,NH,New Hampshire (NH),FALSE,1.27182967185024,0.254473703162338,4.99788251613134,5.79632796437864e-07,0.773070378639525,1.77058896506096,1310,ok
Website disclosure: state LOO,bond_url,Bond URLs,Control state and linked border pairs,TN,Tennessee (TN),FALSE,1.54144477166791,0.33874529214143,4.55045371087945,5.35303628427231e-06,0.877516199138212,2.20537334419762,1065,ok
Website disclosure: state LOO,bond_url,Bond URLs,Control state and linked border pairs,WI,Wisconsin (WI),FALSE,1.63617488706468,0.249369272218268,6.56125300647537,5.33574988842396e-11,1.14742009466591,2.12492967946345,1157,ok
Website disclosure: state LOO,bond_count,Bond Count,Control state and linked border pairs,baseline,None (baseline),TRUE,0.973854016114362,0.208038441016871,4.68112533123332,2.85304440183655e-06,0.566106164321435,1.38160186790729,1412,ok
Website disclosure: state LOO,bond_count,Bond Count,Control state and linked border pairs,KY,Kentucky (KY),FALSE,1.14389590965636,0.232317699103364,4.92384314269321,8.48608673987439e-07,0.688561586442556,1.59923023287017,1037,ok
Website disclosure: state LOO,bond_count,Bond Count,Control state and linked border pairs,MA,Massachusetts (MA),FALSE,0.985970546183944,0.212044367366234,4.64983134629092,3.32206572770638e-06,0.570371223021544,1.40156986934634,1160,ok
Website disclosure: state LOO,bond_count,Bond Count,Control state and linked border pairs,MS,Mississippi (MS),FALSE,1.15460005631204,0.248395257724565,4.64823711567121,3.34783938660915e-06,0.667754297241347,1.64144581538273,1116,ok
Website disclosure: state LOO,bond_count,Bond Count,Control state and linked border pairs,NH,New Hampshire (NH),FALSE,0.981789512318344,0.217760787484629,4.50856889185178,6.52663766856659e-06,0.554986211603391,1.4085928130333,1394,ok
Website disclosure: state LOO,bond_count,Bond Count,Control state and linked border pairs,TN,Tennessee (TN),FALSE,0.643854584906508,0.191596049249785,3.3604794432223,0.000778073206725525,0.268333228796768,1.01937594101625,1112,ok
Website disclosure: state LOO,bond_count,Bond Count,Control state and linked border pairs,WI,Wisconsin (WI),FALSE,0.893230536434662,0.232291813837846,3.84529494034686,0.000120407522042343,0.437946947409002,1.34851412546032,1241,ok
Website disclosure: state LOO,fiscal_url,Fiscal URLs,Control state and linked border pairs,baseline,None (baseline),TRUE,2.35171542792891,0.399395354994032,5.88818923035308,3.90449910488672e-09,1.56891491654801,3.1345159393098,1208,ok
Website disclosure: state LOO,fiscal_url,Fiscal URLs,Control state and linked border pairs,KY,Kentucky (KY),FALSE,1.88579004820553,0.370997462962394,5.08302680333067,3.71467258322851e-07,1.1586483824435,2.61293171396755,833,ok
Website disclosure: state LOO,fiscal_url,Fiscal URLs,Control state and linked border pairs,MA,Massachusetts (MA),FALSE,2.43386718899681,0.447260046925609,5.44172725850836,5.27664212474405e-08,1.55725360529893,3.3104807726947,956,ok
Website disclosure: state LOO,fiscal_url,Fiscal URLs,Control state and linked border pairs,MS,Mississippi (MS),FALSE,2.68447876328734,0.401399217142599,6.68780268780061,2.26546296875465e-11,1.89775075426527,3.47120677230941,912,ok
Website disclosure: state LOO,fiscal_url,Fiscal URLs,Control state and linked border pairs,NH,New Hampshire (NH),FALSE,2.26415277887885,0.415943955650006,5.44340829605421,5.22706488036346e-08,1.44891760621771,3.07938795153998,1190,ok
Website disclosure: state LOO,fiscal_url,Fiscal URLs,Control state and linked border pairs,TN,Tennessee (TN),FALSE,2.570611844514,0.750186742892814,3.42662926113756,0.000611122819203636,1.10027284676467,4.04095084226332,941,ok
Website disclosure: state LOO,fiscal_url,Fiscal URLs,Control state and linked border pairs,WI,Wisconsin (WI),FALSE,2.35171542792891,0.399395354994032,5.88818923035308,3.90449910488672e-09,1.56891491654801,3.1345159393098,1208,ok
Website disclosure: state LOO,fiscal_count,Fiscal Count,Control state and linked border pairs,baseline,None (baseline),TRUE,1.06034651140636,0.298091188349546,3.5571212865339,0.000374941071774953,0.476098518132501,1.64459450468021,1412,ok
Website disclosure: state LOO,fiscal_count,Fiscal Count,Control state and linked border pairs,KY,Kentucky (KY),FALSE,2.41662367133788,0.253728438749961,9.52444938077815,1.65919148239e-21,1.91932506953438,2.91392227314138,1037,ok
Website disclosure: state LOO,fiscal_count,Fiscal Count,Control state and linked border pairs,MA,Massachusetts (MA),FALSE,1.06516493347098,0.299019430897399,3.56219303298878,0.000367769806447087,0.479097618234419,1.65123224870755,1160,ok
Website disclosure: state LOO,fiscal_count,Fiscal Count,Control state and linked border pairs,MS,Mississippi (MS),FALSE,1.10003542960525,0.314393905015195,3.49890825508237,0.000467167296674923,0.483834698816559,1.71623616039394,1116,ok
Website disclosure: state LOO,fiscal_count,Fiscal Count,Control state and linked border pairs,NH,New Hampshire (NH),FALSE,0.822573455311353,0.324820949323551,2.53239040469645,0.0113287778197318,0.185936093213084,1.45921081740962,1394,ok
Website disclosure: state LOO,fiscal_count,Fiscal Count,Control state and linked border pairs,TN,Tennessee (TN),FALSE,0.471890240353887,0.238564025681252,1.97804442227339,0.0479236955174079,0.00431334201174444,0.939467138696029,1112,ok
Website disclosure: state LOO,fiscal_count,Fiscal Count,Control state and linked border pairs,WI,Wisconsin (WI),FALSE,0.910454796265539,0.344412662388251,2.64349977713421,0.00820538196503999,0.235418382165015,1.58549121036606,1241,ok
Website disclosure: state LOO,financial_pdf_urls,Financial Docs,Control state and linked border pairs,baseline,None (baseline),TRUE,0.49372160380668,0.163306308853779,3.02328555015439,0.00250046179899778,0.173647120005099,0.813796087608262,1383,ok
Website disclosure: state LOO,financial_pdf_urls,Financial Docs,Control state and linked border pairs,KY,Kentucky (KY),FALSE,0.942234995782471,0.152665270861162,6.17190137919033,6.74735853365518e-10,0.643016563204542,1.2414534283604,1008,ok
Website disclosure: state LOO,financial_pdf_urls,Financial Docs,Control state and linked border pairs,MA,Massachusetts (MA),FALSE,0.507366180885146,0.163018252478776,3.11232744291136,0.00185618491902573,0.187856277204089,0.826876084566204,1131,ok
Website disclosure: state LOO,financial_pdf_urls,Financial Docs,Control state and linked border pairs,MS,Mississippi (MS),FALSE,0.309858189646434,0.156559315952425,1.97917439637124,0.0477963745508069,0.00300756893545467,0.616708810357413,1116,ok
Website disclosure: state LOO,financial_pdf_urls,Financial Docs,Control state and linked border pairs,NH,New Hampshire (NH),FALSE,0.525443091594562,0.172077546977253,3.05352499977246,0.002261698763059,0.188177296971147,0.862708886217978,1365,ok
Website disclosure: state LOO,financial_pdf_urls,Financial Docs,Control state and linked border pairs,TN,Tennessee (TN),FALSE,-0.01535591815402,0.188136155346064,-0.0816213030705015,0.934947860414809,-0.384096006822138,0.353384170514098,1083,ok
Website disclosure: state LOO,financial_pdf_urls,Financial Docs,Control state and linked border pairs,WI,Wisconsin (WI),FALSE,0.689675733634201,0.178412531096817,3.86562384040134,0.000110805606495028,0.339993598293807,1.03935786897459,1212,ok
Media coverage: full sample,total_articles_12_0_win,Total Articles - 12mo,Control state,baseline,None (baseline),TRUE,0.249669345807366,0.125109704595389,1.99560335159299,0.0459771144288199,0.00445883068395925,0.494879860930773,2831,ok
Media coverage: full sample,total_articles_12_0_win,Total Articles - 12mo,Control state,KY,Kentucky (KY),FALSE,0.260618465826319,0.129747552457462,2.00865805088512,0.0445734103598616,0.00631793592747304,0.514918995725165,2763,ok
Media coverage: full sample,total_articles_12_0_win,Total Articles - 12mo,Control state,MA,Massachusetts (MA),FALSE,0.192223342875416,0.143383516200512,1.34062372000003,0.18004265197959,-0.0888031848543035,0.473249870605135,2547,ok
Media coverage: full sample,total_articles_12_0_win,Total Articles - 12mo,Control state,MS,Mississippi (MS),FALSE,0.228460824971497,0.125450262873686,1.82112671379199,0.0685875973806069,-0.0174171721120101,0.474338822055004,2725,ok
Media coverage: full sample,total_articles_12_0_win,Total Articles - 12mo,Control state,NH,New Hampshire (NH),FALSE,0.241700031043704,0.130010588931042,1.85907957983255,0.063015859244947,-0.0131160408699807,0.496516102957389,2777,ok
Media coverage: full sample,total_articles_12_0_win,Total Articles - 12mo,Control state,NJ,New Jersey (NJ),FALSE,0.165545006586974,0.117751931243356,1.40587933326413,0.15975995915887,-0.0652445377600411,0.396334550933988,2486,ok
Media coverage: full sample,total_articles_12_0_win,Total Articles - 12mo,Control state,TN,Tennessee (TN),FALSE,0.259548895064941,0.135300365067399,1.91831629527126,0.055070917436962,-0.00563494756228183,0.524732737692165,2674,ok
Media coverage: full sample,total_articles_12_0_win,Total Articles - 12mo,Control state,WI,Wisconsin (WI),FALSE,0.370661239809972,0.120101639327596,3.08622964586632,0.00202712195534347,0.135266352243664,0.606056127376279,2009,ok
Media coverage - Border: pair LOO,total_articles_12_0_win,Total Articles - 12mo,State-border pair,baseline,None (baseline),TRUE,0.565760203744939,0.277220388994729,2.04083186592634,0.0412675420115833,0.0224182255350858,1.10910218195479,430,ok
Media coverage - Border: pair LOO,total_articles_12_0_win,Total Articles - 12mo,State-border pair,Ohio/Kentucky,Ohio/Kentucky,FALSE,0.484010157226437,0.302278333548081,1.6012069126663,0.109331098291475,-0.108444489834587,1.07646480428746,405,ok
Media coverage - Border: pair LOO,total_articles_12_0_win,Total Articles - 12mo,State-border pair,West Virginia/Kentucky,West Virginia/Kentucky,FALSE,0.546173242136202,0.280660144717546,1.94603064388022,0.051651058724422,-0.00391053340598713,1.09625701767839,427,ok
Media coverage - Border: pair LOO,total_articles_12_0_win,Total Articles - 12mo,State-border pair,Missouri/Kentucky,Missouri/Kentucky,FALSE,0.587100515496033,0.281584535887905,2.08498848718649,0.03707034558762,0.0352049665523132,1.13899606443975,423,ok
Media coverage - Border: pair LOO,total_articles_12_0_win,Total Articles - 12mo,State-border pair,Michigan/Wisconsin,Michigan/Wisconsin,FALSE,0.952998503835865,0.277623479634051,3.43270138783672,0.00059759988265141,0.408866482490436,1.49713052518129,315,ok
Media coverage - Border: pair LOO,total_articles_12_0_win,Total Articles - 12mo,State-border pair,North Carolina/Tennessee,North Carolina/Tennessee,FALSE,0.3449776327786,0.296361784742928,1.16404222993137,0.244406898311688,-0.235880791711551,0.925836057268752,351,ok
Media coverage - Border: pair LOO,total_articles_12_0_win,Total Articles - 12mo,State-border pair,Arkansas/Tennesee,Arkansas/Tennessee,FALSE,0.563363206733448,0.275322453021959,2.0461942008359,0.0407372676847988,0.0237411146751875,1.10298529879171,411,ok
Media coverage - Border: pair LOO,total_articles_12_0_win,Total Articles - 12mo,State-border pair,Georgia/Tennessee,Georgia/Tennessee,FALSE,0.584672225418232,0.281303354881749,2.07844028616015,0.0376688254320954,0.0333277811197156,1.13601666971675,395,ok
Media coverage - Border: pair LOO,total_articles_12_0_win,Total Articles - 12mo,State-border pair,Alabama/Tennessee,Alabama/Tennessee,FALSE,0.596781199435316,0.280538210173575,2.12727242775975,0.0333974542921888,0.0469364112077805,1.14662598766285,392,ok
Media coverage - Border: pair LOO,total_articles_12_0_win,Total Articles - 12mo,State-border pair,Missouri/Tennessee,Missouri/Tennessee,FALSE,0.575330139271238,0.278578587080505,2.0652346086635,0.0389008073863046,0.0293261417293936,1.12133413681308,410,ok
Media coverage - Border: pair LOO,total_articles_12_0_win,Total Articles - 12mo,State-border pair,Alabama/Mississippi,Alabama/Mississippi,FALSE,0.565751905810122,0.278374165396461,2.03234342886804,0.0421189007975982,0.0201485674066624,1.11135524421358,405,ok
Media coverage - Border: pair LOO,total_articles_12_0_win,Total Articles - 12mo,State-border pair,Arkansas/Mississippi,Arkansas/Mississippi,FALSE,0.575213591934379,0.28706185343304,2.00379669069667,0.0450918434873166,0.0125826978703049,1.13784448599845,401,ok
Media coverage - Border: pair LOO,total_articles_12_0_win,Total Articles - 12mo,State-border pair,Louisiana/Mississippi,Louisiana/Mississippi,FALSE,0.698757021372589,0.291322104282761,2.39857192811695,0.0164591435616225,0.127776189077955,1.26973785366722,395,ok
Media coverage - Border: pair LOO,total_articles_12_0_win,Total Articles - 12mo,State-border pair,Vermont/Massachusetts,Vermont/Massachusetts,FALSE,0.443185294252498,0.308237129020284,1.43780632677556,0.150489013735682,-0.160948377325284,1.04731896583028,363,ok
Media coverage - Border: pair LOO,total_articles_12_0_win,Total Articles - 12mo,State-border pair,Vermont/New Hampshire,Vermont/New Hampshire,FALSE,0.103126307270519,0.404006796738728,0.25525884243282,0.798523186157041,-0.688712463846781,0.89496507838782,370,ok
Media coverage - Border: state LOO,total_articles_12_0_win,Total Articles - 12mo,Control state and linked border pairs,baseline,None (baseline),TRUE,0.565760203744939,0.277220388994729,2.04083186592634,0.0412675420115833,0.0224182255350858,1.10910218195479,430,ok
Media coverage - Border: state LOO,total_articles_12_0_win,Total Articles - 12mo,Control state and linked border pairs,KY,Kentucky (KY),FALSE,0.457982547605512,0.310262953856202,1.47611096301808,0.139914106313476,-0.150121667689657,1.06608676290068,394,ok
Media coverage - Border: state LOO,total_articles_12_0_win,Total Articles - 12mo,Control state and linked border pairs,MA,Massachusetts (MA),FALSE,0.443185294252498,0.308237129020284,1.43780632677556,0.150489013735682,-0.160948377325284,1.04731896583028,363,ok
Media coverage - Border: state LOO,total_articles_12_0_win,Total Articles - 12mo,Control state and linked border pairs,MS,Mississippi (MS),FALSE,0.717916214051624,0.306462911528825,2.34258759231327,0.0191505381680079,0.117259944857843,1.31857248324541,337,ok
Media coverage - Border: state LOO,total_articles_12_0_win,Total Articles - 12mo,Control state and linked border pairs,NH,New Hampshire (NH),FALSE,0.103126307270519,0.404006796738728,0.25525884243282,0.798523186157041,-0.688712463846781,0.89496507838782,370,ok
Media coverage - Border: state LOO,total_articles_12_0_win,Total Articles - 12mo,Control state and linked border pairs,TN,Tennessee (TN),FALSE,0.235052512706771,0.333006087787122,0.705850497415022,0.480281114911922,-0.417627425988573,0.887732451402114,225,ok
Media coverage - Border: state LOO,total_articles_12_0_win,Total Articles - 12mo,Control state and linked border pairs,WI,Wisconsin (WI),FALSE,0.952998503835865,0.277623479634051,3.43270138783672,0.00059759988265141,0.408866482490436,1.49713052518129,315,ok
Secondary-market trading: full sample,retail_traded_before_maturity,Retail Trade,Control state,baseline,None (baseline),TRUE,0.0630942921644643,0.0255197145531749,2.47237452570232,0.0191126478160921,0.0130765707444988,0.11311201358443,49096,ok
Secondary-market trading: full sample,retail_traded_before_maturity,Retail Trade,Control state,KY,Kentucky (KY),FALSE,0.0639813794331133,0.0261773143916814,2.44415368497256,0.0206129714510553,0.0126747860134357,0.115287972852791,48091,ok
Secondary-market trading: full sample,retail_traded_before_maturity,Retail Trade,Control state,MA,Massachusetts (MA),FALSE,0.0653192520790146,0.0283712760778267,2.30230222637269,0.0284347520012195,0.00971257277103147,0.120925931386998,46038,ok
Secondary-market trading: full sample,retail_traded_before_maturity,Retail Trade,Control state,MS,Mississippi (MS),FALSE,0.0557775622019923,0.0273047240911061,2.04278065641252,0.0499465606140182,0.00226128637562126,0.109293838028363,47081,ok
Secondary-market trading: full sample,retail_traded_before_maturity,Retail Trade,Control state,NH,New Hampshire (NH),FALSE,0.0699139292270383,0.0243623280399375,2.86975567821053,0.00745804313867813,0.0221646436892105,0.117663214764866,47847,ok
Secondary-market trading: full sample,retail_traded_before_maturity,Retail Trade,Control state,NJ,New Jersey (NJ),FALSE,0.0784291862735343,0.0250726752893623,3.12807410331716,0.00389521513306674,0.0292876457103168,0.127570726836752,43881,ok
Secondary-market trading: full sample,retail_traded_before_maturity,Retail Trade,Control state,TN,Tennessee (TN),FALSE,0.060680677725251,0.0277648823907362,2.18551899018658,0.0367924999533846,0.00626250820441773,0.115098847246084,46145,ok
Secondary-market trading: full sample,retail_traded_before_maturity,Retail Trade,Control state,WI,Wisconsin (WI),FALSE,0.0373017789867642,0.0353704688775995,1.05460233269307,0.300027009731871,-0.0320230661296256,0.106626624103154,35818,ok
Secondary-market trading - Border: pair LOO,retail_traded_before_maturity,Retail Trade,State-border pair,baseline,None (baseline),TRUE,0.0873575050502337,0.0385024719925709,2.26888042583576,0.0248501572366556,0.0118940466290326,0.162820963471435,11385,ok
Secondary-market trading - Border: pair LOO,retail_traded_before_maturity,Retail Trade,State-border pair,Ohio/Kentucky,Ohio/Kentucky,FALSE,0.0645037420054039,0.0429614897484914,1.50143168644819,0.135806762590581,-0.0196992306238258,0.148706714634634,10925,ok
Secondary-market trading - Border: pair LOO,retail_traded_before_maturity,Retail Trade,State-border pair,West Virginia/Kentucky,West Virginia/Kentucky,FALSE,0.0909139604301968,0.0388463993598341,2.34034458607247,0.0207204489421221,0.0147764167558623,0.167051504104531,11300,ok
Secondary-market trading - Border: pair LOO,retail_traded_before_maturity,Retail Trade,State-border pair,Missouri/Kentucky,Missouri/Kentucky,FALSE,0.0960357665273976,0.0385343172657931,2.49221404040934,0.0139145315498738,0.0205098925176033,0.171561640537192,11325,ok
Secondary-market trading - Border: pair LOO,retail_traded_before_maturity,Retail Trade,State-border pair,Michigan/Wisconsin,Michigan/Wisconsin,FALSE,0.0499634175683916,0.0399657894933404,1.25015464980911,0.213803237150687,-0.0283680904522649,0.128294925589048,9795,ok
Secondary-market trading - Border: pair LOO,retail_traded_before_maturity,Retail Trade,State-border pair,North Carolina/Tennessee,North Carolina/Tennessee,FALSE,0.150535315312281,0.049417253961226,3.04620963824487,0.00281900287898197,0.0536792773334089,0.247391353291154,9579,ok
Secondary-market trading - Border: pair LOO,retail_traded_before_maturity,Retail Trade,State-border pair,Arkansas/Tennesee,Arkansas/Tennessee,FALSE,0.0874213531012111,0.0383457490020034,2.27981863378503,0.0241747051296678,0.0122650660970717,0.162577640105351,10993,ok
Secondary-market trading - Border: pair LOO,retail_traded_before_maturity,Retail Trade,State-border pair,Georgia/Tennessee,Georgia/Tennessee,FALSE,0.0866991826308925,0.0395158723374147,2.19403438422397,0.0299964470605598,0.00924949603187711,0.164148869229908,10514,ok
Secondary-market trading - Border: pair LOO,retail_traded_before_maturity,Retail Trade,State-border pair,Alabama/Tennessee,Alabama/Tennessee,FALSE,0.0848301479086716,0.0371966496332022,2.28058571793926,0.0241279460299924,0.0119260542820403,0.157734241535303,10621,ok
Secondary-market trading - Border: pair LOO,retail_traded_before_maturity,Retail Trade,State-border pair,Missouri/Tennessee,Missouri/Tennessee,FALSE,0.0921551686028975,0.0386456707772156,2.38461816678388,0.0184768375542399,0.0164110457211628,0.167899291484632,10979,ok
Secondary-market trading - Border: pair LOO,retail_traded_before_maturity,Retail Trade,State-border pair,Alabama/Mississippi,Alabama/Mississippi,FALSE,0.0851885387618054,0.0382582264749955,2.22667244696986,0.0276138663911318,0.0102037927584375,0.160173284765173,10592,ok
Secondary-market trading - Border: pair LOO,retail_traded_before_maturity,Retail Trade,State-border pair,Arkansas/Mississippi,Arkansas/Mississippi,FALSE,0.0862820216074861,0.0380738539448097,2.26617514824102,0.0250197401084389,0.0116586391230208,0.160905404091951,10713,ok
Secondary-market trading - Border: pair LOO,retail_traded_before_maturity,Retail Trade,State-border pair,Louisiana/Mississippi,Louisiana/Mississippi,FALSE,0.0843472554812801,0.0394790894438448,2.13650458178008,0.0344973866919515,0.00696966202890896,0.161724848933651,10256,ok
Secondary-market trading - Border: pair LOO,retail_traded_before_maturity,Retail Trade,State-border pair,Vermont/Massachusetts,Vermont/Massachusetts,FALSE,0.104551305872775,0.0391825195098772,2.66831503386144,0.00866837218463601,0.0277549788098772,0.181347632935672,10004,ok
Secondary-market trading - Border: pair LOO,retail_traded_before_maturity,Retail Trade,State-border pair,Vermont/New Hampshire,Vermont/New Hampshire,FALSE,0.078924371329369,0.0388952516313119,2.02915183779998,0.0448574476939195,0.00269107896237498,0.155157663696363,10409,ok
Secondary-market trading - Border: state LOO,retail_traded_before_maturity,Retail Trade,Control state and linked border pairs,baseline,None (baseline),TRUE,0.0873575050502337,0.0385024719925709,2.26888042583576,0.0248501572366556,0.0118940466290326,0.162820963471435,11385,ok
Secondary-market trading - Border: state LOO,retail_traded_before_maturity,Retail Trade,Control state and linked border pairs,KY,Kentucky (KY),FALSE,0.0749639773816431,0.0427619618318768,1.75305281072865,0.0822576825412079,-0.00884792771711188,0.158775882480398,10780,ok
Secondary-market trading - Border: state LOO,retail_traded_before_maturity,Retail Trade,Control state and linked border pairs,MA,Massachusetts (MA),FALSE,0.104551305872775,0.0391825195098772,2.66831503386144,0.00866837218463601,0.0277549788098772,0.181347632935672,10004,ok
Secondary-market trading - Border: state LOO,retail_traded_before_maturity,Retail Trade,Control state and linked border pairs,MS,Mississippi (MS),FALSE,0.0833725616085116,0.039454873660729,2.11311186357937,0.0367536864792538,0.00604243021890485,0.160702692998118,8791,ok
Secondary-market trading - Border: state LOO,retail_traded_before_maturity,Retail Trade,Control state and linked border pairs,NH,New Hampshire (NH),FALSE,0.078924371329369,0.0388952516313119,2.02915183779998,0.0448574476939195,0.00269107896237498,0.155157663696363,10409,ok
Secondary-market trading - Border: state LOO,retail_traded_before_maturity,Retail Trade,Control state and linked border pairs,TN,Tennessee (TN),FALSE,0.163309110669867,0.0458268167000952,3.56361454775731,0.000549860149578259,0.0734902004115616,0.253128020928172,7146,ok
Secondary-market trading - Border: state LOO,retail_traded_before_maturity,Retail Trade,Control state and linked border pairs,WI,Wisconsin (WI),FALSE,0.0499634175683916,0.0399657894933404,1.25015464980911,0.213803237150687,-0.0283680904522649,0.128294925589048,9795,ok
Debt substitution: full sample,frac_utgo_outstanding,Pct UTGO,Control state,baseline,None (baseline),TRUE,-0.293804935035284,0.0634917931232409,-4.62744743190656,0.000107091767227841,-0.418246562870704,-0.169363307199864,2096,ok
Debt substitution: full sample,frac_utgo_outstanding,Pct UTGO,Control state,KY,Kentucky (KY),FALSE,-0.336608366410223,0.0488392133476788,-6.89217420464905,5.00706658481795e-07,-0.432331465604941,-0.240885267215505,2055,ok
Debt substitution: full sample,frac_utgo_outstanding,Pct UTGO,Control state,MA,Massachusetts (MA),FALSE,-0.37183708455014,0.0727247401174055,-5.11293796237502,3.52657119902746e-05,-0.51437495596529,-0.22929921313499,1866,ok
Debt substitution: full sample,frac_utgo_outstanding,Pct UTGO,Control state,MS,Mississippi (MS),FALSE,-0.288750797868801,0.0644543601752431,-4.47992652605231,0.000170181722150961,-0.415079022458851,-0.162422573278752,2043,ok
Debt substitution: full sample,frac_utgo_outstanding,Pct UTGO,Control state,NH,New Hampshire (NH),FALSE,-0.294505146846139,0.0635229579004029,-4.63620014842336,0.000115258203655731,-0.419007856522383,-0.170002437169895,2088,ok
Debt substitution: full sample,frac_utgo_outstanding,Pct UTGO,Control state,NJ,New Jersey (NJ),FALSE,-0.203870522672919,0.0713671299459214,-2.85664454809101,0.00892515710356826,-0.343747527046914,-0.0639935182989228,1896,ok
Debt substitution: full sample,frac_utgo_outstanding,Pct UTGO,Control state,TN,Tennessee (TN),FALSE,-0.297328842340601,0.0651483057698125,-4.56387681655374,0.000138031825954689,-0.425017175303236,-0.169640509377966,2035,ok
Debt substitution: full sample,frac_utgo_outstanding,Pct UTGO,Control state,WI,Wisconsin (WI),FALSE,-0.293329791900268,0.067663969614753,-4.33509582086819,0.000244236023922928,-0.425948735396197,-0.16071084840434,1870,ok
Debt substitution - Border: pair LOO,frac_utgo_outstanding,Pct UTGO,State-border pair,baseline,None (baseline),TRUE,-0.415688433904433,0.0599665407705907,-6.93200622484962,6.81953304753372e-05,-0.533220694092243,-0.298156173716622,194,ok
Debt substitution - Border: pair LOO,frac_utgo_outstanding,Pct UTGO,State-border pair,Ohio/Kentucky,Ohio/Kentucky,FALSE,-0.40992666504329,0.100101990368694,-4.0950900529895,0.00346115723400788,-0.606122960946706,-0.213730369139874,132,ok
Debt substitution - Border: pair LOO,frac_utgo_outstanding,Pct UTGO,State-border pair,West Virginia/Kentucky,West Virginia/Kentucky,FALSE,-0.40424947456605,0.059246995104597,-6.82312198031937,0.00013461510789689,-0.520371451163281,-0.288127497968819,191,ok
Debt substitution - Border: pair LOO,frac_utgo_outstanding,Pct UTGO,State-border pair,Michigan/Wisconsin,Michigan/Wisconsin,FALSE,-0.292264888002271,0.066207035792866,-4.41440829516435,0.00310221001831164,-0.422028293679442,-0.162501482325099,154,ok
Debt substitution - Border: pair LOO,frac_utgo_outstanding,Pct UTGO,State-border pair,North Carolina/Tennessee,North Carolina/Tennessee,FALSE,-0.460141722851196,0.0374025667951276,-12.3024102963741,1.77308893840049e-06,-0.533449406699,-0.386834039003392,164,ok
Debt substitution - Border: pair LOO,frac_utgo_outstanding,Pct UTGO,State-border pair,Arkansas/Tennesee,Arkansas/Tennessee,FALSE,-0.415688433904433,0.0599665407705907,-6.93200622484962,6.81953304753372e-05,-0.533220694092243,-0.298156173716622,194,ok
Debt substitution - Border: pair LOO,frac_utgo_outstanding,Pct UTGO,State-border pair,Georgia/Tennessee,Georgia/Tennessee,FALSE,-0.435984537366503,0.061802489412188,-7.05448180992727,0.00010669376090871,-0.557115190769309,-0.314853883963696,175,ok
Debt substitution - Border: pair LOO,frac_utgo_outstanding,Pct UTGO,State-border pair,Arkansas/Mississippi,Arkansas/Mississippi,FALSE,-0.415688433904433,0.0599665407705907,-6.93200622484962,6.81953304753372e-05,-0.533220694092243,-0.298156173716622,194,ok
Debt substitution - Border: pair LOO,frac_utgo_outstanding,Pct UTGO,State-border pair,Louisiana/Mississippi,Louisiana/Mississippi,FALSE,-0.41901433533431,0.0684985241754728,-6.11712938896202,0.000482869774283018,-0.553268975712382,-0.284759694956237,154,ok
Debt substitution - Border: state LOO,frac_utgo_outstanding,Pct UTGO,Control state and linked border pairs,baseline,None (baseline),TRUE,-0.415688433904433,0.0599665407705907,-6.93200622484962,6.81953304753372e-05,-0.533220694092243,-0.298156173716622,194,ok
Debt substitution - Border: state LOO,frac_utgo_outstanding,Pct UTGO,Control state and linked border pairs,KY,Kentucky (KY),FALSE,-0.325097130364773,0.0289237679961291,-11.2397918005801,2.96364411630561e-05,-0.381786673934378,-0.268407586795168,129,ok
Debt substitution - Border: state LOO,frac_utgo_outstanding,Pct UTGO,Control state and linked border pairs,MS,Mississippi (MS),FALSE,-0.41901433533431,0.0684985241754728,-6.11712938896202,0.000482869774283018,-0.553268975712382,-0.284759694956237,154,ok
Debt substitution - Border: state LOO,frac_utgo_outstanding,Pct UTGO,Control state and linked border pairs,TN,Tennessee (TN),FALSE,-0.492140844812691,0.0219704759020743,-22.4000994337235,5.17905797078876e-07,-0.535202186303962,-0.44907950332142,145,ok
Debt substitution - Border: state LOO,frac_utgo_outstanding,Pct UTGO,Control state and linked border pairs,WI,Wisconsin (WI),FALSE,-0.292264888002271,0.066207035792866,-4.41440829516435,0.00310221001831164,-0.422028293679442,-0.162501482325099,154,ok
Aggregate borrowing cost: full sample,mergent_wavg_yield_spread_go_revenue,Wtd. Avg. Yield Spread,Control state,baseline,None (baseline),TRUE,0.272398539223603,0.105150881533746,2.59054926834999,0.0160432937377188,0.0663065984748223,0.478490479972383,2072,ok
Aggregate borrowing cost: full sample,mergent_wavg_yield_spread_go_revenue,Wtd. Avg. Yield Spread,Control state,KY,Kentucky (KY),FALSE,0.311138873814176,0.110526057422982,2.81507258169403,0.00982358274969495,0.0945117819119261,0.527765965716426,2033,ok
Aggregate borrowing cost: full sample,mergent_wavg_yield_spread_go_revenue,Wtd. Avg. Yield Spread,Control state,MA,Massachusetts (MA),FALSE,0.352667665785147,0.153889394708734,2.29169571075798,0.0314107463138643,0.0510499945533602,0.654285337016933,1845,ok
Aggregate borrowing cost: full sample,mergent_wavg_yield_spread_go_revenue,Wtd. Avg. Yield Spread,Control state,MS,Mississippi (MS),FALSE,0.287412850057377,0.106557862319112,2.69724677092953,0.0128590304696814,0.0785632776423404,0.496262422472414,2020,ok
Aggregate borrowing cost: full sample,mergent_wavg_yield_spread_go_revenue,Wtd. Avg. Yield Spread,Control state,NH,New Hampshire (NH),FALSE,0.271951887834178,0.10544311558703,2.57913365249261,0.0167742981810438,0.0652871788659044,0.478616596802451,2064,ok
Aggregate borrowing cost: full sample,mergent_wavg_yield_spread_go_revenue,Wtd. Avg. Yield Spread,Control state,NJ,New Jersey (NJ),FALSE,0.325378235646445,0.131299011439917,2.47814688075805,0.0209797477488171,0.0680369020184961,0.582719569274394,1875,ok
Aggregate borrowing cost: full sample,mergent_wavg_yield_spread_go_revenue,Wtd. Avg. Yield Spread,Control state,TN,Tennessee (TN),FALSE,0.23768366749495,0.0965218398079463,2.46248587851081,0.0217136426656206,0.0485043377498309,0.426862997240069,2011,ok
Aggregate borrowing cost: full sample,mergent_wavg_yield_spread_go_revenue,Wtd. Avg. Yield Spread,Control state,WI,Wisconsin (WI),FALSE,0.234915346051663,0.105598405993046,2.22461072061195,0.0362025725474548,0.0279462734804548,0.441884418622872,1846,ok
Aggregate borrowing cost - Border: pair LOO,mergent_wavg_yield_spread_go_revenue,Wtd. Avg. Yield Spread,State-border pair,baseline,None (baseline),TRUE,0.450400717593632,0.102816328959659,4.38063410891038,0.00176948777532768,0.248884415810078,0.651917019377187,190,ok
Aggregate borrowing cost - Border: pair LOO,mergent_wavg_yield_spread_go_revenue,Wtd. Avg. Yield Spread,State-border pair,Ohio/Kentucky,Ohio/Kentucky,FALSE,0.865445956186554,0.118305870653113,7.31532553210435,8.26548326827171e-05,0.633570710546798,1.09732120182631,130,ok
Aggregate borrowing cost - Border: pair LOO,mergent_wavg_yield_spread_go_revenue,Wtd. Avg. Yield Spread,State-border pair,West Virginia/Kentucky,West Virginia/Kentucky,FALSE,0.439095479998341,0.107069945715793,4.10101524814329,0.00343294420794934,0.229242242568728,0.648948717427955,187,ok
Aggregate borrowing cost - Border: pair LOO,mergent_wavg_yield_spread_go_revenue,Wtd. Avg. Yield Spread,State-border pair,Michigan/Wisconsin,Michigan/Wisconsin,FALSE,0.627670350731823,0.125296439088317,5.00948275385067,0.00154865771212502,0.382093842727606,0.87324685873604,150,ok
Aggregate borrowing cost - Border: pair LOO,mergent_wavg_yield_spread_go_revenue,Wtd. Avg. Yield Spread,State-border pair,North Carolina/Tennessee,North Carolina/Tennessee,FALSE,0.444112748378472,0.122130283435014,3.63638514451485,0.00662352090713703,0.204741791424176,0.683483705332767,160,ok
Aggregate borrowing cost - Border: pair LOO,mergent_wavg_yield_spread_go_revenue,Wtd. Avg. Yield Spread,State-border pair,Arkansas/Tennesee,Arkansas/Tennessee,FALSE,0.450400717593632,0.102816328959659,4.38063410891038,0.00176948777532768,0.248884415810078,0.651917019377187,190,ok
Aggregate borrowing cost - Border: pair LOO,mergent_wavg_yield_spread_go_revenue,Wtd. Avg. Yield Spread,State-border pair,Georgia/Tennessee,Georgia/Tennessee,FALSE,0.350654173767564,0.0813997891258023,4.30780199228321,0.00258832863970868,0.191113518731837,0.510194828803292,171,ok
Aggregate borrowing cost - Border: pair LOO,mergent_wavg_yield_spread_go_revenue,Wtd. Avg. Yield Spread,State-border pair,Arkansas/Mississippi,Arkansas/Mississippi,FALSE,0.450400717593632,0.102816328959659,4.38063410891038,0.00176948777532768,0.248884415810078,0.651917019377187,190,ok
Aggregate borrowing cost - Border: pair LOO,mergent_wavg_yield_spread_go_revenue,Wtd. Avg. Yield Spread,State-border pair,Louisiana/Mississippi,Louisiana/Mississippi,FALSE,0.460414617112633,0.105329756834064,4.3711732652907,0.0032693864717933,0.253972087217505,0.666857147007761,152,ok
Aggregate borrowing cost - Border: state LOO,mergent_wavg_yield_spread_go_revenue,Wtd. Avg. Yield Spread,Control state and linked border pairs,baseline,None (baseline),TRUE,0.450400717593632,0.102816328959659,4.38063410891038,0.00176948777532768,0.248884415810078,0.651917019377187,190,ok
Aggregate borrowing cost - Border: state LOO,mergent_wavg_yield_spread_go_revenue,Wtd. Avg. Yield Spread,Control state and linked border pairs,KY,Kentucky (KY),FALSE,0.891377687170306,0.105455559110032,8.45263819843053,0.000149736559549979,0.684688589345108,1.0980667849955,127,ok
Aggregate borrowing cost - Border: state LOO,mergent_wavg_yield_spread_go_revenue,Wtd. Avg. Yield Spread,Control state and linked border pairs,MS,Mississippi (MS),FALSE,0.460414617112633,0.105329756834064,4.3711732652907,0.0032693864717933,0.253972087217505,0.666857147007761,152,ok
Aggregate borrowing cost - Border: state LOO,mergent_wavg_yield_spread_go_revenue,Wtd. Avg. Yield Spread,Control state and linked border pairs,TN,Tennessee (TN),FALSE,0.31522725983245,0.0904351977538325,3.48567004509138,0.0130520041747267,0.13797752930018,0.492476990364719,141,ok
Aggregate borrowing cost - Border: state LOO,mergent_wavg_yield_spread_go_revenue,Wtd. Avg. Yield Spread,Control state and linked border pairs,WI,Wisconsin (WI),FALSE,0.627670350731823,0.125296439088317,5.00948275385067,0.00154865771212502,0.382093842727606,0.87324685873604,150,ok
