state_abbr,lincoln_property_tax_levy_cap_2024,lincoln_truth_in_taxation_2024,lincoln_governing_body_vote_for_tax_increase_2024,lincoln_broad_municipal_budget_limit_2022,lincoln_property_tax_levy_override_method_2024,lincoln_property_tax_levy_override_requires_voter_approval_2024
AL,0,0,0,0,no_levy_limit,0
AK,0,0,0,0,no_levy_limit,0
AZ,1,1,1,1,referendum_or_governing_body,0
AR,1,0,0,0,none,0
CA,0,0,0,1,no_levy_limit,0
CO,1,0,0,1,referendum,1
CT,0,0,0,0,no_levy_limit,0
DE,1,1,1,0,none,0
FL,0,1,1,0,no_levy_limit,0
GA,0,1,1,0,no_levy_limit,0
HI,0,0,0,0,no_levy_limit,0
ID,1,0,0,0,referendum,1
IL,1,1,0,0,referendum,1
IN,1,0,0,0,none,0
IA,0,1,1,0,no_levy_limit,0
KS,0,1,1,0,no_levy_limit,0
KY,0,1,1,0,no_levy_limit,0
LA,1,0,0,0,governing_body,0
ME,0,0,0,1,no_levy_limit,0
MD,0,0,0,0,no_levy_limit,0
MA,1,0,0,0,referendum,1
MI,1,1,1,0,referendum,1
MN,0,1,0,0,no_levy_limit,0
MS,1,0,0,0,referendum,1
MO,1,1,0,0,referendum,1
MT,1,0,0,0,referendum,1
NE,1,1,1,1,referendum,1
NV,1,1,0,0,referendum,1
NH,0,0,0,0,no_levy_limit,0
NJ,1,0,0,1,referendum,1
NM,1,0,0,0,none,0
NY,1,0,0,0,referendum_or_governing_body,0
NC,0,0,0,0,no_levy_limit,0
ND,1,1,0,0,referendum,1
OH,1,0,0,0,none,0
OK,0,0,0,0,no_levy_limit,0
OR,0,0,0,0,no_levy_limit,0
PA,1,0,0,0,referendum,1
RI,1,1,0,0,governing_body,0
SC,0,0,0,0,no_levy_limit,0
SD,1,0,0,0,referendum_or_governing_body,0
TN,0,1,1,0,no_levy_limit,0
TX,1,1,1,0,referendum,1
UT,0,1,1,0,no_levy_limit,0
VT,0,0,0,0,no_levy_limit,0
VA,0,1,1,0,no_levy_limit,0
WA,1,0,0,0,referendum,1
WV,1,1,1,0,none,0
WI,1,0,0,0,referendum,1
WY,0,0,0,0,no_levy_limit,0
