state,municipal_tel_index,municipal_tel_rank,source
AL,16.0,15,"Wen et al. (2020), Appendix 2"
AK,16.0,15,"Wen et al. (2020), Appendix 2"
AZ,28.0,3,"Wen et al. (2020), Appendix 2"
AR,25.0,6,"Wen et al. (2020), Appendix 2"
CA,30.5,2,"Wen et al. (2020), Appendix 2"
CO,36.5,1,"Wen et al. (2020), Appendix 2"
CT,0.0,33,"Wen et al. (2020), Appendix 2"
DE,1.0,32,"Wen et al. (2020), Appendix 2"
FL,20.5,11,"Wen et al. (2020), Appendix 2"
GA,3.0,31,"Wen et al. (2020), Appendix 2"
HI,1.0,32,"Wen et al. (2020), Appendix 2"
ID,26.5,5,"Wen et al. (2020), Appendix 2"
IL,22.5,9,"Wen et al. (2020), Appendix 2"
IN,11.5,23,"Wen et al. (2020), Appendix 2"
IA,15.0,17,"Wen et al. (2020), Appendix 2"
KS,7.5,28,"Wen et al. (2020), Appendix 2"
KY,17.5,12,"Wen et al. (2020), Appendix 2"
LA,16.0,15,"Wen et al. (2020), Appendix 2"
ME,14.5,18,"Wen et al. (2020), Appendix 2"
MD,8.0,27,"Wen et al. (2020), Appendix 2"
MA,13.0,21,"Wen et al. (2020), Appendix 2"
MI,30.5,2,"Wen et al. (2020), Appendix 2"
MN,1.0,32,"Wen et al. (2020), Appendix 2"
MS,4.0,30,"Wen et al. (2020), Appendix 2"
MO,15.0,17,"Wen et al. (2020), Appendix 2"
MT,16.5,14,"Wen et al. (2020), Appendix 2"
NE,17.5,12,"Wen et al. (2020), Appendix 2"
NV,15.5,16,"Wen et al. (2020), Appendix 2"
NH,0.0,33,"Wen et al. (2020), Appendix 2"
NJ,15.5,16,"Wen et al. (2020), Appendix 2"
NM,27.5,4,"Wen et al. (2020), Appendix 2"
NY,13.0,21,"Wen et al. (2020), Appendix 2"
NC,5.5,29,"Wen et al. (2020), Appendix 2"
ND,16.0,15,"Wen et al. (2020), Appendix 2"
OH,17.0,13,"Wen et al. (2020), Appendix 2"
OK,14.0,19,"Wen et al. (2020), Appendix 2"
OR,24.0,7,"Wen et al. (2020), Appendix 2"
PA,14.0,19,"Wen et al. (2020), Appendix 2"
RI,10.0,24,"Wen et al. (2020), Appendix 2"
SC,13.5,20,"Wen et al. (2020), Appendix 2"
SD,12.5,22,"Wen et al. (2020), Appendix 2"
TN,1.0,32,"Wen et al. (2020), Appendix 2"
TX,22.5,9,"Wen et al. (2020), Appendix 2"
UT,21.0,10,"Wen et al. (2020), Appendix 2"
VT,0.0,33,"Wen et al. (2020), Appendix 2"
VA,8.5,26,"Wen et al. (2020), Appendix 2"
WA,23.5,8,"Wen et al. (2020), Appendix 2"
WV,25.0,6,"Wen et al. (2020), Appendix 2"
WI,10.0,24,"Wen et al. (2020), Appendix 2"
WY,9.5,25,"Wen et al. (2020), Appendix 2"
