event_type,event_time,estimate,standard_error,conf_low,conf_high,observations,cities,estimand
Bond election,-18,0.111436950146628,0.0346704998165775,0.0434827705061357,0.179391129787119,682,119,Raw monthly coverage probability
Bond election,-17,0.06158357771261,0.0309290726631456,0.000962595292844669,0.122204560132375,682,119,Raw monthly coverage probability
Bond election,-16,0.120234604105572,0.0353604026553984,0.050928214900991,0.189540993310153,682,119,Raw monthly coverage probability
Bond election,-15,0.0791788856304985,0.0327434670059988,0.015001690298741,0.143356080962256,682,119,Raw monthly coverage probability
Bond election,-14,0.0777126099706745,0.0312451998478997,0.0164720182687911,0.138953201672558,682,119,Raw monthly coverage probability
Bond election,-13,0.0703812316715543,0.0313211921295923,0.00899169509755336,0.131770768245555,682,119,Raw monthly coverage probability
Bond election,-12,0.102639296187683,0.0324473720476279,0.0390424469743326,0.166236145401034,682,119,Raw monthly coverage probability
Bond election,-11,0.114369501466276,0.0336483468214247,0.0484187416962833,0.180320261236268,682,119,Raw monthly coverage probability
Bond election,-10,0.114369501466276,0.0333837019172838,0.0489374457083994,0.179801557224152,682,119,Raw monthly coverage probability
Bond election,-9,0.0967741935483871,0.033234313346797,0.031634939388665,0.161913447708109,682,119,Raw monthly coverage probability
Bond election,-8,0.0894428152492669,0.031131635958288,0.0284248087710223,0.150460821727511,682,119,Raw monthly coverage probability
Bond election,-7,0.101173020527859,0.0429881689563341,0.0169162093734445,0.185429831682274,682,119,Raw monthly coverage probability
Bond election,-6,0.117302052785924,0.0318508024774682,0.0548744799300862,0.179729625641761,682,119,Raw monthly coverage probability
Bond election,-5,0.126099706744868,0.0320844039379612,0.0632142750264641,0.188985138463272,682,119,Raw monthly coverage probability
Bond election,-4,0.151026392961877,0.0352062609916821,0.0820221214181798,0.220030664505574,682,119,Raw monthly coverage probability
Bond election,-3,0.124633431085044,0.0316344663257676,0.0626298770865396,0.186636985083548,682,119,Raw monthly coverage probability
Bond election,-2,0.0967741935483871,0.0315279578051033,0.0349793962503847,0.15856899084639,682,119,Raw monthly coverage probability
Bond election,-1,0.13049853372434,0.0419732809819745,0.0482309029996701,0.21276616444901,682,119,Raw monthly coverage probability
Bond election,0,0.142228739002933,0.0503431105430479,0.0435562423385587,0.240901235667306,682,119,Raw monthly coverage probability
Bond election,1,0.0806451612903226,0.0311252520685763,0.0196396672359131,0.141650655344732,682,119,Raw monthly coverage probability
Bond election,2,0.092375366568915,0.0423620891464171,0.00934567184193748,0.175405061295892,682,119,Raw monthly coverage probability
Bond election,3,0.104105571847507,0.0424384390742891,0.0209262312619007,0.187284912433114,682,119,Raw monthly coverage probability
Bond election,4,0.104105571847507,0.0420756619821096,0.0216372743625725,0.186573869332442,682,119,Raw monthly coverage probability
Bond election,5,0.092375366568915,0.0319446439445338,0.0297638644376288,0.154986868700201,682,119,Raw monthly coverage probability
Bond election,6,0.133431085043988,0.0514039448120037,0.032679353212461,0.234182816875516,682,119,Raw monthly coverage probability
Bond election,7,0.0909090909090909,0.0412475661581638,0.0100638612390898,0.171754320579092,682,119,Raw monthly coverage probability
Bond election,8,0.134897360703812,0.0430815227207202,0.0504575761712006,0.219337145236424,682,119,Raw monthly coverage probability
Bond election,9,0.109970674486804,0.0503239827138869,0.0113356683675852,0.208605680606022,682,119,Raw monthly coverage probability
Bond election,10,0.0879765395894428,0.0428583204973702,0.00397423141459716,0.171978847764289,682,119,Raw monthly coverage probability
Bond election,11,0.111436950146628,0.0416476499128337,0.0298075563174736,0.193066343975782,682,119,Raw monthly coverage probability
Bond election,12,0.117302052785924,0.0500596470890048,0.0191851444914743,0.215418961080373,682,119,Raw monthly coverage probability
Bond election,13,0.0909090909090909,0.0428828971290472,0.00685861253615844,0.174959569282023,682,119,Raw monthly coverage probability
Bond election,14,0.131964809384164,0.0506168194649095,0.0327558432329415,0.231173775535387,682,119,Raw monthly coverage probability
Bond election,15,0.13049853372434,0.0438228331545478,0.0446057807414265,0.216391286707254,682,119,Raw monthly coverage probability
Bond election,16,0.153958944281525,0.0510005722349453,0.0539978227010322,0.253920065862018,682,119,Raw monthly coverage probability
Bond election,17,0.1158357771261,0.0433120455197127,0.0309441679074629,0.200727386344737,682,119,Raw monthly coverage probability
Bond election,18,0.109970674486804,0.032548376701365,0.0461758561521281,0.173765492821479,682,119,Raw monthly coverage probability
GO bond issuance,-18,0.0578034682080925,0.0254928290832005,0.00783752320501961,0.107769413211165,346,101,Raw monthly coverage probability
GO bond issuance,-17,0.0780346820809249,0.0263086196972815,0.0264697874742531,0.129599576687597,346,101,Raw monthly coverage probability
GO bond issuance,-16,0.0722543352601156,0.0241578816592273,0.02490488720803,0.119603783312201,346,101,Raw monthly coverage probability
GO bond issuance,-15,0.0722543352601156,0.0266203114195394,0.0200785248778185,0.124430145642413,346,101,Raw monthly coverage probability
GO bond issuance,-14,0.0780346820809249,0.031520949195683,0.0162536216573861,0.139815742504464,346,101,Raw monthly coverage probability
GO bond issuance,-13,0.0809248554913295,0.0261369974879053,0.0296963404150351,0.132153370567624,346,101,Raw monthly coverage probability
GO bond issuance,-12,0.104046242774566,0.0330523339030193,0.0392636683246487,0.168828817224484,346,101,Raw monthly coverage probability
GO bond issuance,-11,0.0722543352601156,0.0259355196580958,0.0214207167302478,0.123087953789983,346,101,Raw monthly coverage probability
GO bond issuance,-10,0.092485549132948,0.0317403971551089,0.0302743707089346,0.154696727556961,346,101,Raw monthly coverage probability
GO bond issuance,-9,0.0780346820809249,0.0320593892382231,0.0151982791740077,0.140871084987842,346,101,Raw monthly coverage probability
GO bond issuance,-8,0.0867052023121387,0.0285850575859784,0.030678489443621,0.142731915180657,346,101,Raw monthly coverage probability
GO bond issuance,-7,0.0809248554913295,0.0302244333594207,0.021684966106865,0.140164744875794,346,101,Raw monthly coverage probability
GO bond issuance,-6,0.0751445086705202,0.0290606407467682,0.0181856528068545,0.132103364534186,346,101,Raw monthly coverage probability
GO bond issuance,-5,0.0838150289017341,0.0312130487104221,0.0226374534293068,0.144992604374161,346,101,Raw monthly coverage probability
GO bond issuance,-4,0.101156069364162,0.0268624969996352,0.0485055752448769,0.153806563483447,346,101,Raw monthly coverage probability
GO bond issuance,-3,0.0751445086705202,0.0275797420877161,0.0210882141785967,0.129200803162444,346,101,Raw monthly coverage probability
GO bond issuance,-2,0.069364161849711,0.0315263792953405,0.00757245843084366,0.131155865268578,346,101,Raw monthly coverage probability
GO bond issuance,-1,0.0982658959537572,0.0283732888307702,0.0426542498454477,0.153877542062067,346,101,Raw monthly coverage probability
GO bond issuance,0,0.135838150289017,0.033086803224851,0.0709880159683094,0.200688284609725,346,101,Raw monthly coverage probability
GO bond issuance,1,0.0838150289017341,0.0277026167658231,0.0295179000407207,0.138112157762747,346,101,Raw monthly coverage probability
GO bond issuance,2,0.0838150289017341,0.0345443812696724,0.0161080416131761,0.151522016190292,346,101,Raw monthly coverage probability
GO bond issuance,3,0.0780346820809249,0.0342694767816654,0.0108665075888607,0.145202856572989,346,101,Raw monthly coverage probability
GO bond issuance,4,0.106936416184971,0.031589448813863,0.0450210965097996,0.168851735860143,346,101,Raw monthly coverage probability
GO bond issuance,5,0.0838150289017341,0.029428577540404,0.0261350169225424,0.141495040880926,346,101,Raw monthly coverage probability
GO bond issuance,6,0.0809248554913295,0.0288271256212299,0.0244236892737189,0.13742602170894,346,101,Raw monthly coverage probability
GO bond issuance,7,0.0751445086705202,0.0285561885966618,0.019174379021063,0.131114638319977,346,101,Raw monthly coverage probability
GO bond issuance,8,0.0751445086705202,0.0292913031574946,0.0177335544818308,0.13255546285921,346,101,Raw monthly coverage probability
GO bond issuance,9,0.104046242774566,0.0329029772168462,0.039556407429548,0.168536078119585,346,101,Raw monthly coverage probability
GO bond issuance,10,0.0751445086705202,0.0341580294393537,0.00819477096938701,0.142094246371653,346,101,Raw monthly coverage probability
GO bond issuance,11,0.092485549132948,0.0289657167053143,0.0357127443905319,0.149258353875364,346,101,Raw monthly coverage probability
GO bond issuance,12,0.109826589595376,0.0344296197243703,0.0423445349356099,0.177308644255142,346,101,Raw monthly coverage probability
GO bond issuance,13,0.0895953757225434,0.0271954983141327,0.0362921990268432,0.142898552418244,346,101,Raw monthly coverage probability
GO bond issuance,14,0.121387283236994,0.037464604196609,0.0479566590116407,0.194817907462348,346,101,Raw monthly coverage probability
GO bond issuance,15,0.0838150289017341,0.037154165015794,0.0109928654707778,0.15663719233269,346,101,Raw monthly coverage probability
GO bond issuance,16,0.115606936416185,0.034749699279255,0.0474975258288452,0.183716347003525,346,101,Raw monthly coverage probability
GO bond issuance,17,0.0867052023121387,0.0326333834921005,0.0227437706676217,0.150666633956656,346,101,Raw monthly coverage probability
GO bond issuance,18,0.092485549132948,0.0323988386375045,0.0289838254034391,0.155987272862457,346,101,Raw monthly coverage probability
Bond election,-18,2.46823069403714,1.95392338797483,-1.36145914639353,6.29792053446781,682,119,Percentage-point change from months -18 to -13
Bond election,-17,-2.51710654936462,0.899052984109262,-4.27925039821877,-0.754962700510464,682,119,Percentage-point change from months -18 to -13
Bond election,-16,3.34799608993157,1.76118801937724,-0.103932428047815,6.79992460791095,682,119,Percentage-point change from months -18 to -13
Bond election,-15,-0.757575757575766,1.45357480659886,-3.60658237850952,2.09143086335799,682,119,Percentage-point change from months -18 to -13
Bond election,-14,-0.904203323558168,1.24764948501912,-3.34959631419565,1.54118966707931,682,119,Percentage-point change from months -18 to -13
Bond election,-13,-1.63734115347019,1.05300055211025,-3.70122223560628,0.426539928665894,682,119,Percentage-point change from months -18 to -13
Bond election,-12,1.58846529814272,1.55187195328564,-1.45320373029713,4.63013432658257,682,119,Percentage-point change from months -18 to -13
Bond election,-11,2.76148582600196,2.11072810545327,-1.37554126068645,6.89851291269037,682,119,Percentage-point change from months -18 to -13
Bond election,-10,2.76148582600196,1.92394511827526,-1.00944660581755,6.53241825782148,682,119,Percentage-point change from months -18 to -13
Bond election,-9,1.0019550342131,1.7125830285767,-2.35470770179723,4.35861777022343,682,119,Percentage-point change from months -18 to -13
Bond election,-8,0.268817204301086,1.55836290555819,-2.78557409059298,3.32320849919515,682,119,Percentage-point change from months -18 to -13
Bond election,-7,1.44183773216031,2.39039456075966,-3.24333560692862,6.12701107124923,682,119,Percentage-point change from months -18 to -13
Bond election,-6,3.05474095796677,1.49200140907078,0.130418196188034,5.9790637197455,682,119,Percentage-point change from months -18 to -13
Bond election,-5,3.9345063538612,1.93769328368218,0.136627517844115,7.73238518987827,682,119,Percentage-point change from months -18 to -13
Bond election,-4,6.42717497556208,2.25156315227886,2.0141111970955,10.8402387540286,682,119,Percentage-point change from months -18 to -13
Bond election,-3,3.78787878787881,1.8747064545894,0.113454136883585,7.46230343887403,682,119,Percentage-point change from months -18 to -13
Bond election,-2,1.0019550342131,1.43018399683586,-1.80120559958518,3.80511566801139,682,119,Percentage-point change from months -18 to -13
Bond election,-1,4.37438905180836,2.07590893262113,0.305607543870942,8.44317055974578,682,119,Percentage-point change from months -18 to -13
Bond election,0,5.54740957966767,2.82708034787707,0.00633209782860078,11.0884870615067,682,119,Percentage-point change from months -18 to -13
Bond election,1,-0.610948191593345,1.57056921895466,-3.68926386074447,2.46736747755778,682,119,Percentage-point change from months -18 to -13
Bond election,2,0.56207233626591,2.3987793188985,-4.13953512877514,5.26367980130696,682,119,Percentage-point change from months -18 to -13
Bond election,3,1.73509286412512,2.09495541659342,-2.37101975239799,5.84120548064823,682,119,Percentage-point change from months -18 to -13
Bond election,4,1.73509286412512,2.10172278314552,-2.3842837908401,5.85446951909034,682,119,Percentage-point change from months -18 to -13
Bond election,5,0.562072336265885,1.15595794646848,-1.70360523881233,2.8277499113441,682,119,Percentage-point change from months -18 to -13
Bond election,6,4.66764418377321,2.73768363905095,-0.698215748766657,10.0335041163131,682,119,Percentage-point change from months -18 to -13
Bond election,7,0.415444770283476,1.72798695003534,-2.97140965178579,3.80229919235274,682,119,Percentage-point change from months -18 to -13
Bond election,8,4.81427174975562,2.28934151375427,0.32716238279725,9.30138111671399,682,119,Percentage-point change from months -18 to -13
Bond election,9,2.32160312805475,2.50145926126095,-2.5812570240167,7.22446328012621,682,119,Percentage-point change from months -18 to -13
Bond election,10,0.122189638318669,2.1030948553505,-3.9998762781683,4.24425555480564,682,119,Percentage-point change from months -18 to -13
Bond election,11,2.46823069403715,1.86730112391998,-1.19167950884601,6.1281408969203,682,119,Percentage-point change from months -18 to -13
Bond election,12,3.05474095796678,2.44588150072768,-1.73918678345948,7.84866869939304,682,119,Percentage-point change from months -18 to -13
Bond election,13,0.41544477028349,2.3300040532971,-4.15136317417883,4.98225271474581,682,119,Percentage-point change from months -18 to -13
Bond election,14,4.52101661779083,2.62595165123518,-0.625848618630126,9.66788185421178,682,119,Percentage-point change from months -18 to -13
Bond election,15,4.37438905180841,2.31279347944823,-0.158686167910111,8.90746427152693,682,119,Percentage-point change from months -18 to -13
Bond election,16,6.72043010752687,2.82083353109424,1.19159638658217,12.2492638284716,682,119,Percentage-point change from months -18 to -13
Bond election,17,2.90811339198436,2.48241163676126,-1.9574134160677,7.77364020003643,682,119,Percentage-point change from months -18 to -13
Bond election,18,2.32160312805473,1.79689579353711,-1.20031262727799,5.84351888338746,682,119,Percentage-point change from months -18 to -13
GO bond issuance,-18,-1.54142581888247,0.63164399252896,-2.77944804423923,-0.303403593525705,346,101,Percentage-point change from months -18 to -13
GO bond issuance,-17,0.481695568400774,1.01689636712457,-1.51142131116339,2.47481244796494,346,101,Percentage-point change from months -18 to -13
GO bond issuance,-16,-0.0963391136801523,0.861354781974177,-1.78459448634954,1.59191625898923,346,101,Percentage-point change from months -18 to -13
GO bond issuance,-15,-0.0963391136801508,0.879562615101658,-1.8202818392794,1.6276036119191,346,101,Percentage-point change from months -18 to -13
GO bond issuance,-14,0.481695568400775,1.27976933746508,-2.02665233303078,2.99004346983233,346,101,Percentage-point change from months -18 to -13
GO bond issuance,-13,0.770712909441233,1.00007953605615,-1.18944298122882,2.73086880011129,346,101,Percentage-point change from months -18 to -13
GO bond issuance,-12,3.08285163776493,1.47004113011987,0.201571022729989,5.96413225279987,346,101,Percentage-point change from months -18 to -13
GO bond issuance,-11,-0.0963391136801514,1.31447004859321,-2.67270040892284,2.48002218156253,346,101,Percentage-point change from months -18 to -13
GO bond issuance,-10,1.92678227360308,1.20629100376642,-0.437548093779093,4.29111264098525,346,101,Percentage-point change from months -18 to -13
GO bond issuance,-9,0.481695568400774,1.25482088194396,-1.97775336020938,2.94114449701093,346,101,Percentage-point change from months -18 to -13
GO bond issuance,-8,1.34874759152216,1.49796366092191,-1.58726118388478,4.28475636692909,346,101,Percentage-point change from months -18 to -13
GO bond issuance,-7,0.770712909441233,1.2574309667803,-1.69385178544815,3.23527760433061,346,101,Percentage-point change from months -18 to -13
GO bond issuance,-6,0.192678227360308,1.21123764177928,-2.18134755052707,2.56670400524769,346,101,Percentage-point change from months -18 to -13
GO bond issuance,-5,1.0597302504817,1.49009443367192,-1.86085483951527,3.98031534047867,346,101,Percentage-point change from months -18 to -13
GO bond issuance,-4,2.79383429672447,1.21948053354546,0.403652450975377,5.18401614247357,346,101,Percentage-point change from months -18 to -13
GO bond issuance,-3,0.192678227360308,1.17962209679215,-2.11938108235231,2.50473753707292,346,101,Percentage-point change from months -18 to -13
GO bond issuance,-2,-0.385356454720617,1.24604083428572,-2.82759648992062,2.05688358047939,346,101,Percentage-point change from months -18 to -13
GO bond issuance,-1,2.50481695568401,1.1139080311402,0.32155721464921,4.6880766967188,346,101,Percentage-point change from months -18 to -13
GO bond issuance,0,6.26204238921002,1.5999155507026,3.12620790983291,9.39787686858712,346,101,Percentage-point change from months -18 to -13
GO bond issuance,1,1.0597302504817,1.26609455369513,-1.42181507476075,3.54127557572414,346,101,Percentage-point change from months -18 to -13
GO bond issuance,2,1.05973025048169,1.35892096812401,-1.60375484704137,3.72321534800476,346,101,Percentage-point change from months -18 to -13
GO bond issuance,3,0.481695568400773,1.30840929786245,-2.08278665540964,3.04617779221118,346,101,Percentage-point change from months -18 to -13
GO bond issuance,4,3.37186897880539,1.62536717267049,0.186149320371235,6.55758863723955,346,101,Percentage-point change from months -18 to -13
GO bond issuance,5,1.0597302504817,1.09196157624302,-1.08051443895462,3.19997493991801,346,101,Percentage-point change from months -18 to -13
GO bond issuance,6,0.770712909441235,1.07004489578371,-1.32657508629484,2.86800090517731,346,101,Percentage-point change from months -18 to -13
GO bond issuance,7,0.192678227360309,0.893136520652084,-1.55786935311778,1.94322580783839,346,101,Percentage-point change from months -18 to -13
GO bond issuance,8,0.192678227360306,1.17368160648832,-2.10773772135681,2.49309417607742,346,101,Percentage-point change from months -18 to -13
GO bond issuance,9,3.08285163776494,1.38878689310704,0.360829327275134,5.80487394825474,346,101,Percentage-point change from months -18 to -13
GO bond issuance,10,0.192678227360307,1.25526241734143,-2.26763611062889,2.65299256534951,346,101,Percentage-point change from months -18 to -13
GO bond issuance,11,1.92678227360308,1.08699447317841,-0.203726893826605,4.05729144103277,346,101,Percentage-point change from months -18 to -13
GO bond issuance,12,3.66088631984586,1.36818817728239,0.979237492372379,6.34253514731934,346,101,Percentage-point change from months -18 to -13
GO bond issuance,13,1.63776493256262,1.42533017071598,-1.1558822020407,4.43141206716595,346,101,Percentage-point change from months -18 to -13
GO bond issuance,14,4.81695568400771,1.65313595445615,1.57680921327365,8.05710215474176,346,101,Percentage-point change from months -18 to -13
GO bond issuance,15,1.0597302504817,1.50453354871314,-1.88915550499606,4.00861600595946,346,101,Percentage-point change from months -18 to -13
GO bond issuance,16,4.23892100192679,1.84073364160794,0.631083064375227,7.84675893947834,346,101,Percentage-point change from months -18 to -13
GO bond issuance,17,1.34874759152216,1.47439264944244,-1.54106200138502,4.23855718442933,346,101,Percentage-point change from months -18 to -13
GO bond issuance,18,1.92678227360308,1.32705220036536,-0.674240039113032,4.5278045863192,346,101,Percentage-point change from months -18 to -13
